{"frameRate":30,"movies":[{"id":"victory_blue","layers":[{"keyframes":[{"pivot":[501.5,128],"loc":[501.5,128],"tweened":false,"index":0,"duration":1,"ref":"image_victory_blue"}],"name":"Layer 1"}]},{"id":"victory_green","layers":[{"keyframes":[{"pivot":[501.5,128],"loc":[501.5,128],"tweened":false,"index":0,"duration":1,"ref":"img_victory_green"}],"name":"Layer 1"}]},{"id":"victory_red","layers":[{"keyframes":[{"pivot":[501.5,128],"loc":[501.5,128],"tweened":false,"index":0,"duration":1,"ref":"img_victory_red"}],"name":"Layer 1"}]},{"id":"victory_yellow","layers":[{"keyframes":[{"pivot":[501.5,128],"loc":[501.5,128],"tweened":false,"index":0,"duration":1,"ref":"img_victory_yellow"}],"name":"Layer 1"}]}],"md5":"8a57a92e73b2a137cd3fa42ab8faa09d","textureGroups":[{"scaleFactor":1,"atlases":[{"file":"atlas0.png","textures":[{"rect":[1,1,1003,256],"origin":[0,0],"symbol":"img_victory_yellow"},{"rect":[1007,1,1003,256],"origin":[0,0],"symbol":"img_victory_green"},{"rect":[1,259,1003,256],"origin":[0,0],"symbol":"img_victory_red"},{"rect":[1007,259,1003,256],"origin":[0,0],"symbol":"image_victory_blue"},{"rect":[1,517,399,186],"origin":[0,0],"symbol":"level_start_go"},{"rect":[402,517,408,144],"origin":[0,0],"symbol":"tilesheet"}]}]}]}