{"frameRate":30,"movies":[{"id":"boy","layers":[{"keyframes":[{"pivot":[33.5,44],"loc":[0,-33],"tweened":false,"index":0,"duration":1,"ref":"img_boy"}],"name":"Layer 1"}]},{"id":"girl","layers":[{"keyframes":[{"pivot":[34,45],"loc":[0,-34],"tweened":false,"index":0,"duration":1,"ref":"img_girl"}],"name":"Layer 1"}]}],"md5":"26319cb304edc41a2501f5cb162f5416","textureGroups":[{"scaleFactor":1,"atlases":[{"file":"atlas0.png","textures":[{"rect":[1,1,80,85],"origin":[0,5],"symbol":"img_tile_stone"},{"rect":[83,1,68,90],"origin":[0,0],"symbol":"img_girl"},{"rect":[153,1,67,88],"origin":[0,0],"symbol":"img_boy"}]}]}]}