{"textureGroups":[{"atlases":[{"file":"atlas0.png","textures":[{"origin":[0,0],"rect":[1,1,408,144],"symbol":"tilesheet"},{"origin":[0,5],"rect":[411,1,80,85],"symbol":"img_tile_stone"},{"origin":[0,4],"rect":[493,1,80,84],"symbol":"img_tile_skull"},{"origin":[0,0],"rect":[575,1,68,90],"symbol":"img_girl"},{"origin":[0,0],"rect":[645,1,67,88],"symbol":"img_boy"},{"origin":[0,0],"rect":[714,1,28,48],"symbol":"rgby_player_yellow"},{"origin":[0,0],"rect":[745,1,28,48],"symbol":"rgby_player_green"},{"origin":[0,0],"rect":[776,1,28,48],"symbol":"rgby_player_blue"},{"origin":[0,0],"rect":[807,1,28,48],"symbol":"rgby_player_red"}]}],"scaleFactor":1}],"frameRate":30,"md5":"9469478162999cbbc041a891652e218a","movies":[{"layers":[{"keyframes":[{"pivot":[33.5,44],"ref":"img_boy","loc":[0,-33],"index":0,"tweened":false,"duration":1}],"name":"Layer 1"}],"id":"boy"},{"layers":[{"keyframes":[{"pivot":[34,45],"ref":"img_girl","loc":[0,-34],"index":0,"tweened":false,"duration":1}],"name":"Layer 1"}],"id":"girl"},{"layers":[{"keyframes":[{"pivot":[13.75,24],"ref":"rgby_player_blue","loc":[-0.25,-24],"index":0,"tweened":false,"duration":1}],"name":"Layer 1"}],"id":"player_blue"},{"layers":[{"keyframes":[{"pivot":[13.75,24],"ref":"rgby_player_green","loc":[-0.25,-24],"index":0,"tweened":false,"duration":1}],"name":"Layer 1"}],"id":"player_green"},{"layers":[{"keyframes":[{"pivot":[13.75,24],"ref":"rgby_player_red","loc":[-0.0255,-23.625],"scale":[1.0163,1.0156],"index":0,"tweened":false,"duration":1}],"name":"Layer 1"}],"id":"player_red"},{"layers":[{"keyframes":[{"pivot":[13.75,24],"ref":"rgby_player_yellow","loc":[-0.25,-24],"index":0,"tweened":false,"duration":1}],"name":"Layer 1"}],"id":"player_yellow"}]}