{"textureGroups":[{"atlases":[{"file":"atlas0.png","textures":[{"origin":[0,0],"rect":[1,1,399,186],"symbol":"level_start_go"},{"origin":[0,0],"rect":[402,1,408,144],"symbol":"tilesheet"},{"origin":[0,5],"rect":[812,1,80,85],"symbol":"img_tile_stone"},{"origin":[0,4],"rect":[894,1,80,84],"symbol":"img_tile_skull"},{"origin":[0,0],"rect":[976,1,68,90],"symbol":"img_girl"},{"origin":[0,0],"rect":[1046,1,67,88],"symbol":"img_boy"},{"origin":[0,0],"rect":[1115,1,28,48],"symbol":"rgby_player_yellow"},{"origin":[0,0],"rect":[1145,1,28,48],"symbol":"rgby_player_blue"},{"origin":[0,0],"rect":[1175,1,28,48],"symbol":"rgby_player_green"},{"origin":[0,0],"rect":[1205,1,28,48],"symbol":"rgby_player_red"}]}],"scaleFactor":1}],"frameRate":30,"md5":"6f0dcf30ee86631c8cbdeee9ad671029","movies":[{"layers":[{"keyframes":[{"tweened":false,"ref":"img_boy","duration":1,"loc":[0,-33],"pivot":[33.5,44],"index":0}],"name":"Layer 1"}],"id":"boy"},{"layers":[{"keyframes":[{"tweened":false,"ref":"img_girl","duration":1,"loc":[0,-34],"pivot":[34,45],"index":0}],"name":"Layer 1"}],"id":"girl"},{"layers":[{"keyframes":[{"tweened":false,"ref":"rgby_player_blue","duration":1,"loc":[-0.25,-24],"pivot":[13.75,24],"index":0}],"name":"Layer 1"}],"id":"player_blue"},{"layers":[{"keyframes":[{"tweened":false,"ref":"rgby_player_green","duration":1,"loc":[-0.25,-24],"pivot":[13.75,24],"index":0}],"name":"Layer 1"}],"id":"player_green"},{"layers":[{"keyframes":[{"tweened":false,"ref":"rgby_player_red","duration":1,"loc":[-0.0255,-23.625],"scale":[1.0163,1.0156],"pivot":[13.75,24],"index":0}],"name":"Layer 1"}],"id":"player_red"},{"layers":[{"keyframes":[{"tweened":false,"ref":"rgby_player_yellow","duration":1,"loc":[-0.25,-24],"pivot":[13.75,24],"index":0}],"name":"Layer 1"}],"id":"player_yellow"}]}