{"frameRate":30,"movies":[{"id":"boy","layers":[{"keyframes":[{"pivot":[16.75,22],"loc":[0,-16.5],"tweened":false,"index":0,"duration":1,"ref":"img_boy"}],"name":"Layer 1"}]},{"id":"girl","layers":[{"keyframes":[{"pivot":[17,22.5],"loc":[0,-17],"tweened":false,"index":0,"duration":1,"ref":"img_girl"}],"name":"Layer 1"}]}],"md5":"9933baf8a5b3a0296c0ad5b05094df8e","textureGroups":[{"scaleFactor":1,"atlases":[{"file":"atlas0.png","textures":[{"rect":[1,1,34,45],"origin":[0,0],"symbol":"img_girl"},{"rect":[37,1,33,44],"origin":[0,0],"symbol":"img_boy"}]}]},{"scaleFactor":2,"atlases":[{"file":"atlas0@2x.png","textures":[{"rect":[1,1,68,90],"origin":[0,0],"symbol":"img_girl"},{"rect":[71,1,67,88],"origin":[0,0],"symbol":"img_boy"}]}]}]}