{"frameRate":30,"md5":"ebbffe342b084fab89c66ca2f042955a","movies":[{"id":"boy","layers":[{"name":"Layer 1","keyframes":[{"pivot":[33.5,44],"loc":[0,-33],"ref":"img_boy","tweened":false,"index":0,"duration":1}]}]},{"id":"girl","layers":[{"name":"Layer 1","keyframes":[{"pivot":[34,45],"loc":[0,-34],"ref":"img_girl","tweened":false,"index":0,"duration":1}]}]},{"id":"player_blue","layers":[{"name":"Layer 1","keyframes":[{"pivot":[13.75,24],"loc":[-0.25,-24],"ref":"rgby_player_blue","tweened":false,"index":0,"duration":1}]}]},{"id":"player_green","layers":[{"name":"Layer 1","keyframes":[{"pivot":[13.75,24],"loc":[-0.25,-24],"ref":"rgby_player_green","tweened":false,"index":0,"duration":1}]}]},{"id":"player_red","layers":[{"name":"Layer 1","keyframes":[{"pivot":[13.75,24],"loc":[-0.0255,-23.625],"ref":"rgby_player_red","tweened":false,"scale":[1.0163,1.0156],"index":0,"duration":1}]}]},{"id":"player_yellow","layers":[{"name":"Layer 1","keyframes":[{"pivot":[13.75,24],"loc":[-0.25,-24],"ref":"rgby_player_yellow","tweened":false,"index":0,"duration":1}]}]}],"textureGroups":[{"scaleFactor":1,"atlases":[{"textures":[{"origin":[0,0],"symbol":"level_start_go","rect":[1,1,399,186]},{"origin":[0,0],"symbol":"tilesheet","rect":[402,1,408,144]},{"origin":[0,5],"symbol":"img_tile_stone","rect":[812,1,80,85]},{"origin":[0,4],"symbol":"img_tile_skull","rect":[894,1,80,84]},{"origin":[0,0],"symbol":"img_girl","rect":[976,1,68,90]},{"origin":[0,0],"symbol":"img_boy","rect":[1046,1,67,88]},{"origin":[0,0],"symbol":"rgby_player_yellow","rect":[1115,1,28,48]},{"origin":[0,0],"symbol":"rgby_player_blue","rect":[1145,1,28,48]},{"origin":[0,0],"symbol":"rgby_player_green","rect":[1175,1,28,48]},{"origin":[0,0],"symbol":"rgby_player_red","rect":[1205,1,28,48]}],"file":"atlas0.png"}]}]}