{"textureGroups":[{"atlases":[{"file":"atlas0.png","textures":[{"origin":[0,0],"rect":[1,1,408,144],"symbol":"tilesheet"},{"origin":[0,5],"rect":[411,1,80,85],"symbol":"img_tile_stone"},{"origin":[0,4],"rect":[493,1,80,84],"symbol":"img_tile_skull"},{"origin":[0,0],"rect":[575,1,68,90],"symbol":"img_girl"},{"origin":[0,0],"rect":[645,1,67,88],"symbol":"img_boy"}]}],"scaleFactor":1}],"frameRate":30,"md5":"88aa52d650679ec145ed6a408f91e26a","movies":[{"layers":[{"keyframes":[{"tweened":false,"ref":"img_boy","loc":[0,-33],"duration":1,"pivot":[33.5,44],"index":0}],"name":"Layer 1"}],"id":"boy"},{"layers":[{"keyframes":[{"tweened":false,"ref":"img_girl","loc":[0,-34],"duration":1,"pivot":[34,45],"index":0}],"name":"Layer 1"}],"id":"girl"}]}